{"critic_1_loss": 10.013933181762695, "_runtime": 52, "_timestamp": 1629798296, "_step": 1879, "critic_2_loss": 10.403543472290039, "policy_loss": -0.004875078797340393, "ent_loss": 0.0, "alpha": 0.20000000298023224}